LLM,source,lang,task,avg_line_weighted_entropy,avg_word_weighted_entropy,lpr,wpr
command-r,aya-human-annotated,ara,monolingual,0.0,0.17803955748972758,,
command-r,aya-human-annotated,eng,monolingual,0.010732277358552075,0.29392440933120456,,
command-r,aya-human-annotated,por,monolingual,0.0124509008717482,1.0098514873457634,,
command-r,aya-human-annotated,tur,monolingual,0.004184941083929179,0.5445135599708766,,
command-r,aya-human-annotated,zho,monolingual,0.0,0.32097687407691905,,
command-r,complex-prompts,ara,crosslingual,0.24016888036387862,0.5124386269811437,,
command-r,complex-prompts,deu,crosslingual,0.33887117529954913,0.9281556438778272,,
command-r,complex-prompts,fra,crosslingual,0.37514605603438717,1.4111455236637571,,
command-r,complex-prompts,hin,crosslingual,0.20675227245466124,0.5753303774414965,,
command-r,complex-prompts,ind,crosslingual,0.36446558745312585,1.108616856522969,,
command-r,complex-prompts,ita,crosslingual,0.278558722101876,1.2284709446118083,,
command-r,complex-prompts,jpn,crosslingual,0.2644891212011157,0.6451864780394126,,
command-r,complex-prompts,kor,crosslingual,0.25009997154599317,0.3756880620327776,,
command-r,complex-prompts,por,crosslingual,0.26893711442575224,0.811698536036476,,
command-r,complex-prompts,rus,crosslingual,0.2497481401144166,0.7178734846719893,,
command-r,complex-prompts,spa,crosslingual,0.3519631058347023,1.1300261188089946,,
command-r,complex-prompts,tur,crosslingual,0.2499108996507715,0.6556787441471494,,
command-r,complex-prompts,vie,crosslingual,0.2845371835754896,0.5640302283493875,,
command-r,complex-prompts,zho,crosslingual,0.18873180623387842,0.4755863221133926,,
command-r,dolly-human-edited,ara,monolingual,0.0,0.13336215345982358,,
command-r,dolly-human-edited,fra,monolingual,0.01491368024479693,0.9083318037151195,,
command-r,dolly-human-edited,hin,monolingual,0.01111641288952863,0.4161102784052466,,
command-r,dolly-human-edited,rus,monolingual,0.009312103637921919,0.6311647748849823,,
command-r,dolly-human-edited,spa,monolingual,0.02857415133659599,0.9516062154230811,,
command-r,native-prompts,fra,monolingual,0.05201284032627848,0.8888327680364133,,
command-r,native-prompts,jpn,monolingual,0.017108976389863223,0.04621277600950664,,
command-r,native-prompts,kor,monolingual,0.0,0.0031457805701965323,,
command-r,native-prompts,spa,monolingual,0.040280866556137405,0.9106743824605842,,
command-r,okapi,ara,crosslingual,0.06698826077977811,0.24305585788184902,0.65,0.97
command-r,okapi,ara,monolingual,0.00498016263069183,0.1159445514029423,1.0,1.0
command-r,okapi,deu,crosslingual,0.1677944472258993,0.5404180291708994,0.73,
command-r,okapi,deu,monolingual,0.0430401990244113,0.4097915265557221,0.98,
command-r,okapi,eng,monolingual,0.02228722964548705,0.2932336597861383,0.99,
command-r,okapi,fra,crosslingual,0.1204422563772918,0.957007094558522,0.84,
command-r,okapi,fra,monolingual,0.01473603825816173,0.9075642597440847,0.99,
command-r,okapi,hin,crosslingual,0.12934639208536658,0.46740202731308744,0.71,1.0
command-r,okapi,ind,crosslingual,0.2647142338381703,1.2747990618867786,0.82,
command-r,okapi,ind,monolingual,0.238375828901703,1.1865098598707473,0.92,
command-r,okapi,ita,crosslingual,0.1578019036730279,1.1214895305601063,0.76,
command-r,okapi,ita,monolingual,0.009165103714621009,0.9512590900504212,0.99,
command-r,okapi,jpn,crosslingual,0.12751360963756012,0.5525506977787416,0.72,0.93
command-r,okapi,kor,crosslingual,0.06688201970584289,0.15869659205310618,0.77,0.96
command-r,okapi,por,crosslingual,0.10117000332838344,1.0959976232174558,0.82,
command-r,okapi,por,monolingual,0.026462137485350597,1.0090563953332765,0.98,
command-r,okapi,rus,crosslingual,0.1088528727057365,0.6344077437567825,0.74,0.93
command-r,okapi,spa,crosslingual,0.08824623878289019,0.9724401922513909,0.83,
command-r,okapi,spa,monolingual,0.04557797927911248,0.9649106998897803,0.96,
command-r,okapi,tur,crosslingual,0.1365159911501772,0.5786514767887178,0.72,
command-r,okapi,vie,crosslingual,0.1281696503055222,0.44623640494238503,0.7,
command-r,okapi,vie,monolingual,0.009920572663888171,0.4058641955666147,0.99,
command-r,okapi,zho,crosslingual,0.08842480778021777,0.3126318752708818,0.77,0.92
command-r,okapi,zho,monolingual,0.0,0.07372327055930837,0.98,0.95
command-r,sharegpt,ara,crosslingual,0.04040426668463442,0.20156176149809554,0.87,0.95
command-r,sharegpt,deu,crosslingual,0.07173472227372209,0.5079615834508189,0.85,
command-r,sharegpt,fra,crosslingual,0.08706343952276228,0.9141303703380558,0.95,
command-r,sharegpt,hin,crosslingual,0.08236805388520953,0.40803207457207125,0.92,0.99
command-r,sharegpt,ind,crosslingual,0.10188994869588652,1.2255051711769753,0.87,
command-r,sharegpt,ita,crosslingual,0.08053868210240114,0.9189281425202682,0.85,
command-r,sharegpt,jpn,crosslingual,0.06465635014664667,0.28510530982431453,0.85,0.88
command-r,sharegpt,kor,crosslingual,0.03375497206176352,0.0619575116928095,0.91,0.96
command-r,sharegpt,por,crosslingual,0.06725780399499728,0.9385190466635912,0.89,
command-r,sharegpt,rus,crosslingual,0.04841313721972508,0.6329707381740672,0.91,0.93
command-r,sharegpt,spa,crosslingual,0.055061275541430435,0.9089931440029886,0.95,
command-r,sharegpt,tur,crosslingual,0.04577383260002245,0.4393051830786438,0.9,
command-r,sharegpt,vie,crosslingual,0.06109527048394236,0.38901840815999245,0.9,
command-r,sharegpt,zho,crosslingual,0.02489844777833222,0.21587969831095313,0.94,0.9
command-r-base,aya-human-annotated,ara,monolingual,0.1756643242285806,0.2998164185910678,,
command-r-base,aya-human-annotated,eng,monolingual,0.06496720940649676,0.20253543563326246,,
command-r-base,aya-human-annotated,por,monolingual,0.26731959170360176,1.0195896391665362,,
command-r-base,aya-human-annotated,tur,monolingual,0.1942116841193338,0.5468082825099657,,
command-r-base,aya-human-annotated,zho,monolingual,0.0898607780503733,0.4042109126623137,,
command-r-base,complex-prompts,ara,crosslingual,0.1527115556499001,0.36327695014759565,,
command-r-base,complex-prompts,deu,crosslingual,0.0894175296644593,0.5679513186695894,,
command-r-base,complex-prompts,fra,crosslingual,0.21030007523938807,1.436359101940527,,
command-r-base,complex-prompts,hin,crosslingual,0.16556511704146898,0.38768889776229626,,
command-r-base,complex-prompts,ind,crosslingual,0.23836613977149676,1.0079181713160836,,
command-r-base,complex-prompts,ita,crosslingual,0.11640632395041894,0.7243702031031254,,
command-r-base,complex-prompts,jpn,crosslingual,0.14266610091248702,0.4744621546178628,,
command-r-base,complex-prompts,kor,crosslingual,0.14272958475572198,0.3575961977294567,,
command-r-base,complex-prompts,por,crosslingual,0.23404492893996054,1.387442121237203,,
command-r-base,complex-prompts,rus,crosslingual,0.1284578107521222,0.4107155711763643,,
command-r-base,complex-prompts,spa,crosslingual,0.18602774242757528,0.5418612176016706,,
command-r-base,complex-prompts,tur,crosslingual,0.1335391528425437,0.42057859269684245,,
command-r-base,complex-prompts,vie,crosslingual,0.1168729031079292,0.35854679973051645,,
command-r-base,complex-prompts,zho,crosslingual,0.14638151605086086,0.46900889849274136,,
command-r-base,dolly-human-edited,ara,monolingual,0.1970197878479798,0.25531629070356493,,
command-r-base,dolly-human-edited,fra,monolingual,0.2629947255685061,1.010037181723235,,
command-r-base,dolly-human-edited,hin,monolingual,0.4344470219054966,0.7301219519149512,,
command-r-base,dolly-human-edited,rus,monolingual,0.19433408080577314,0.7609367615929891,,
command-r-base,dolly-human-edited,spa,monolingual,0.1935097180185469,0.9469523484346616,,
command-r-base,native-prompts,fra,monolingual,0.1706832511642707,0.8293230503816618,,
command-r-base,native-prompts,jpn,monolingual,0.32219008978656927,0.25315607244909527,,
command-r-base,native-prompts,kor,monolingual,0.07171195311095001,0.09520632953195111,,
command-r-base,native-prompts,spa,monolingual,0.18500213883239228,0.8087797000740556,,
command-r-base,okapi,ara,crosslingual,0.06789495278742366,0.18788520831966024,0.0,1.0
command-r-base,okapi,ara,monolingual,0.21560848620710849,0.27839129789421446,0.93,0.96
command-r-base,okapi,deu,crosslingual,0.10531265003684366,0.46589154268216226,0.0,
command-r-base,okapi,deu,monolingual,0.2248224434082337,0.46949818721420167,0.84,
command-r-base,okapi,eng,monolingual,0.04930732311026243,0.19445443687721983,0.99,
command-r-base,okapi,fra,crosslingual,0.19952230081210193,1.4003341694291256,0.0,
command-r-base,okapi,fra,monolingual,0.31381935822712065,1.128855096132102,0.82,
command-r-base,okapi,hin,crosslingual,0.09304216550038293,0.30008422703764576,0.0,1.0
command-r-base,okapi,ind,crosslingual,0.17112370739967397,2.4502998543542613,0.0,
command-r-base,okapi,ind,monolingual,0.5699703693081942,1.4420493562477008,0.69,
command-r-base,okapi,ita,crosslingual,0.09049483085825734,0.32173260795991687,0.0,
command-r-base,okapi,ita,monolingual,0.2863111277585184,0.9287608617929384,0.79,
command-r-base,okapi,jpn,crosslingual,0.06976455584852365,0.239009622545121,0.0,1.0
command-r-base,okapi,kor,crosslingual,0.07663313962651504,0.2565230009174261,0.0,1.0
command-r-base,okapi,por,crosslingual,0.08059216616065733,2.75110520319505,0.0,
command-r-base,okapi,por,monolingual,0.1996398554568469,0.9729500416015756,0.75,
command-r-base,okapi,rus,crosslingual,0.06839279662467447,0.2453081450737419,0.0,1.0
command-r-base,okapi,spa,crosslingual,0.08888222190003191,0.46835836057307234,0.0,
command-r-base,okapi,spa,monolingual,0.32045311456614006,1.1289789418227856,0.83,
command-r-base,okapi,tur,crosslingual,0.1418438258705535,0.40389652918972907,0.0,
command-r-base,okapi,vie,crosslingual,0.2526546371659957,0.4702976315861471,0.0,
command-r-base,okapi,vie,monolingual,0.2901966059479931,0.5311133194928296,0.8,
command-r-base,okapi,zho,crosslingual,0.09617711401084056,0.28055969177596657,0.02,1.0
command-r-base,okapi,zho,monolingual,0.274561245715786,0.6129322689151412,0.56,1.0
command-r-base,sharegpt,ara,crosslingual,0.03781401068913373,0.24188905276907027,0.0,1.0
command-r-base,sharegpt,deu,crosslingual,0.08607245334336272,0.6071157006221064,0.0,
command-r-base,sharegpt,fra,crosslingual,0.08018836032553153,1.6578630296818653,0.0,
command-r-base,sharegpt,hin,crosslingual,0.05072721881116407,0.26868659567447706,0.0,1.0
command-r-base,sharegpt,ind,crosslingual,0.1118081454356522,1.0819584148129096,0.0,
command-r-base,sharegpt,ita,crosslingual,0.12273179574137746,0.6056758138659214,0.0,
command-r-base,sharegpt,jpn,crosslingual,0.08910236213822335,0.30462491401536557,0.0,1.0
command-r-base,sharegpt,kor,crosslingual,0.06973004990697894,0.3369556076668332,0.02,0.5
command-r-base,sharegpt,por,crosslingual,0.11810281628614076,1.16404568722663,0.0,
command-r-base,sharegpt,rus,crosslingual,0.07248050184843377,0.328572363264707,0.0,1.0
command-r-base,sharegpt,spa,crosslingual,0.06777502275385162,0.35180980925644184,0.0,
command-r-base,sharegpt,tur,crosslingual,0.11888049511804899,0.32893133941790703,0.0,
command-r-base,sharegpt,vie,crosslingual,0.1539756022422238,0.360186940646994,0.0,
command-r-base,sharegpt,zho,crosslingual,0.09483390770514177,0.3051450691442034,0.02,1.0
command-r-plus,aya-human-annotated,ara,monolingual,0.004184941083929179,0.1650697789650873,,
command-r-plus,aya-human-annotated,eng,monolingual,0.014012131191664166,0.3097153886178481,,
command-r-plus,aya-human-annotated,por,monolingual,0.02474190107840891,1.0198108968721922,,
command-r-plus,aya-human-annotated,tur,monolingual,0.00996032526138366,0.5002690731450266,,
command-r-plus,aya-human-annotated,zho,monolingual,0.0,0.24021151478353853,,
command-r-plus,complex-prompts,ara,crosslingual,0.14501019233731555,0.25994455551621376,,
command-r-plus,complex-prompts,deu,crosslingual,0.22856028406605555,0.5267150324351563,,
command-r-plus,complex-prompts,fra,crosslingual,0.31029109611966765,1.0490782317890537,,
command-r-plus,complex-prompts,hin,crosslingual,0.2661641212307093,0.6297400647449053,,
command-r-plus,complex-prompts,ind,crosslingual,0.6013142657112417,1.4329699333013852,,
command-r-plus,complex-prompts,ita,crosslingual,0.18931499426835663,0.9512747847031885,,
command-r-plus,complex-prompts,jpn,crosslingual,0.1538020319795528,0.3323132262151751,,
command-r-plus,complex-prompts,kor,crosslingual,0.1631664926171325,0.14941679875064476,,
command-r-plus,complex-prompts,por,crosslingual,0.3277001595572622,1.1731435383206816,,
command-r-plus,complex-prompts,rus,crosslingual,0.24149181011601084,0.7664846257473205,,
command-r-plus,complex-prompts,spa,crosslingual,0.3431587530903358,0.9342981414217043,,
command-r-plus,complex-prompts,tur,crosslingual,0.18889084563434627,0.6455328378210291,,
command-r-plus,complex-prompts,vie,crosslingual,0.2964385581356994,0.51274879268661,,
command-r-plus,complex-prompts,zho,crosslingual,0.16756756228462608,0.4250435705331159,,
command-r-plus,dolly-human-edited,ara,monolingual,0.0025561896023902396,0.1250158850154111,,
command-r-plus,dolly-human-edited,fra,monolingual,0.02859865005313599,0.9266702610762659,,
command-r-plus,dolly-human-edited,hin,monolingual,0.03866569110020959,0.40072460552371103,,
command-r-plus,dolly-human-edited,rus,monolingual,0.030904217883818988,0.6478478135141114,,
command-r-plus,dolly-human-edited,spa,monolingual,0.033649674287676526,0.9999812169100878,,
command-r-plus,native-prompts,fra,monolingual,0.0036651629274966203,0.888916874667582,,
command-r-plus,native-prompts,jpn,monolingual,0.01582327754304046,0.07849842075405877,,
command-r-plus,native-prompts,kor,monolingual,0.0,0.0056810209844812155,,
command-r-plus,native-prompts,spa,monolingual,0.04942497698851618,0.9223089606598178,,
command-r-plus,okapi,ara,crosslingual,0.010092541835472311,0.10639483591157459,0.99,1.0
command-r-plus,okapi,ara,monolingual,0.0033290869142097268,0.10791348777560339,1.0,1.0
command-r-plus,okapi,deu,crosslingual,0.07154876434481508,0.4086433839862412,0.98,
command-r-plus,okapi,deu,monolingual,0.037324637837654565,0.3873401664454738,1.0,
command-r-plus,okapi,eng,monolingual,0.05786426339308968,0.297345802189474,1.0,
command-r-plus,okapi,fra,crosslingual,0.02135975659779584,0.9323250846043721,0.98,
command-r-plus,okapi,fra,monolingual,0.005708465422560583,0.8945722038428705,1.0,
command-r-plus,okapi,hin,crosslingual,0.11634217801028407,0.4602752174701321,0.97,0.99
command-r-plus,okapi,ind,crosslingual,0.26015818418681813,1.3020907838089797,0.87,
command-r-plus,okapi,ind,monolingual,0.26733186668361875,1.2458107571206252,0.97,
command-r-plus,okapi,ita,crosslingual,0.018053474129139574,0.9973189460515477,0.99,
command-r-plus,okapi,ita,monolingual,0.0,0.9363485784883716,1.0,
command-r-plus,okapi,jpn,crosslingual,0.01763820418132746,0.07506582195577802,0.98,0.97
command-r-plus,okapi,kor,crosslingual,0.021871959697674942,0.026672588813657545,0.96,0.98
command-r-plus,okapi,por,crosslingual,0.09742336889243186,1.0758228840057507,0.92,
command-r-plus,okapi,por,monolingual,0.0191576612444179,1.0172294299898725,0.97,
command-r-plus,okapi,rus,crosslingual,0.05179213074013878,0.6325494335739043,0.98,0.92
command-r-plus,okapi,spa,crosslingual,0.09228541326031726,0.9621369158965182,0.95,
command-r-plus,okapi,spa,monolingual,0.014467824038681522,0.9839417741935311,0.99,
command-r-plus,okapi,tur,crosslingual,0.035548837616285814,0.5396078142776365,0.98,
command-r-plus,okapi,vie,crosslingual,0.039745428892137745,0.483464727814504,0.95,
command-r-plus,okapi,vie,monolingual,0.026374337220693253,0.3811753710983599,0.99,
command-r-plus,okapi,zho,crosslingual,0.008369882167858358,0.04888010319450789,0.95,0.99
command-r-plus,okapi,zho,monolingual,0.0,0.0062683546866084796,0.98,1.0
command-r-plus,sharegpt,ara,crosslingual,0.00498016263069183,0.11834988686673292,1.0,0.99
command-r-plus,sharegpt,deu,crosslingual,0.011974412472398176,0.37913997728075166,0.99,
command-r-plus,sharegpt,fra,crosslingual,0.038604844689607815,0.9002747043548753,0.98,
command-r-plus,sharegpt,hin,crosslingual,0.04461768428938093,0.4323333142220953,1.0,0.99
command-r-plus,sharegpt,ind,crosslingual,0.28613288251116265,1.2283993031558353,0.96,
command-r-plus,sharegpt,ita,crosslingual,0.03549744788655522,0.8846687159198798,0.99,
command-r-plus,sharegpt,jpn,crosslingual,0.03573490330887385,0.1536843901965151,0.98,0.98
command-r-plus,sharegpt,kor,crosslingual,0.0,0.024864356945037813,1.0,1.0
command-r-plus,sharegpt,por,crosslingual,0.0413962427230734,0.9864051240056646,0.99,
command-r-plus,sharegpt,rus,crosslingual,0.016891797066983114,0.6061236312498577,1.0,0.94
command-r-plus,sharegpt,spa,crosslingual,0.055093025569878364,0.9175275744340753,0.99,
command-r-plus,sharegpt,tur,crosslingual,0.020772984091168994,0.40961153227380714,0.98,
command-r-plus,sharegpt,vie,crosslingual,0.024900813153459152,0.37552827116581233,0.99,
command-r-plus,sharegpt,zho,crosslingual,0.006931471805599453,0.15041673431674277,0.97,0.96
command-r-plus-base,aya-human-annotated,ara,monolingual,0.16618353844630526,0.2853335982792426,,
command-r-plus-base,aya-human-annotated,eng,monolingual,0.0586337354147733,0.22546681702832697,,
command-r-plus-base,aya-human-annotated,por,monolingual,0.2256925864231015,0.973028394647623,,
command-r-plus-base,aya-human-annotated,tur,monolingual,0.11189867738948191,0.5993630290114336,,
command-r-plus-base,aya-human-annotated,zho,monolingual,0.1052280173631824,0.4510139645602796,,
command-r-plus-base,complex-prompts,ara,crosslingual,0.12404965840832351,0.3515232303748267,,
command-r-plus-base,complex-prompts,deu,crosslingual,0.1510881654641787,0.7471038494202267,,
command-r-plus-base,complex-prompts,fra,crosslingual,0.20925644603672516,1.2379509236492758,,
command-r-plus-base,complex-prompts,hin,crosslingual,0.14769351254633595,0.35550602159049727,,
command-r-plus-base,complex-prompts,ind,crosslingual,0.1986647283479429,1.182046804967818,,
command-r-plus-base,complex-prompts,ita,crosslingual,0.17600023695345696,0.9246845494693128,,
command-r-plus-base,complex-prompts,jpn,crosslingual,0.12034947205409424,0.37394082523185673,,
command-r-plus-base,complex-prompts,kor,crosslingual,0.19174721261359132,0.4068907731396407,,
command-r-plus-base,complex-prompts,por,crosslingual,0.1596098089499858,1.4076983647182009,,
command-r-plus-base,complex-prompts,rus,crosslingual,0.11224732661715138,0.4449129251031153,,
command-r-plus-base,complex-prompts,spa,crosslingual,0.1900555513814231,0.6537458350873506,,
command-r-plus-base,complex-prompts,tur,crosslingual,0.11134849017912897,0.41484894207574574,,
command-r-plus-base,complex-prompts,vie,crosslingual,0.09401254226295047,0.35652487056664234,,
command-r-plus-base,complex-prompts,zho,crosslingual,0.11978005645450063,0.4069402450132084,,
command-r-plus-base,dolly-human-edited,ara,monolingual,0.1711086255509299,0.2805418925088599,,
command-r-plus-base,dolly-human-edited,fra,monolingual,0.18115451052717532,0.9256957319191359,,
command-r-plus-base,dolly-human-edited,hin,monolingual,0.5295984032305531,0.7693873108518345,,
command-r-plus-base,dolly-human-edited,rus,monolingual,0.12261569196886084,0.6830725919910943,,
command-r-plus-base,dolly-human-edited,spa,monolingual,0.22982572636080842,1.0291298561062139,,
command-r-plus-base,native-prompts,fra,monolingual,0.2564895283261525,1.0109798994419263,,
command-r-plus-base,native-prompts,jpn,monolingual,0.2996086062649472,0.3969159859920312,,
command-r-plus-base,native-prompts,kor,monolingual,0.09094826872749658,0.08700523910998877,,
command-r-plus-base,native-prompts,spa,monolingual,0.3118225049915607,0.8981257471791848,,
command-r-plus-base,okapi,ara,crosslingual,0.06762626252889141,0.18314037907052125,0.0,1.0
command-r-plus-base,okapi,ara,monolingual,0.16982765735436087,0.2856911782228982,0.9,1.0
command-r-plus-base,okapi,deu,crosslingual,0.09037268423416613,0.5010258593628589,0.0,
command-r-plus-base,okapi,deu,monolingual,0.39029105954534693,0.6157149764294613,0.71,
command-r-plus-base,okapi,eng,monolingual,0.09182970997901949,0.2383821327047605,0.98,
command-r-plus-base,okapi,fra,crosslingual,0.2341813005806646,1.2222222813157348,0.0,
command-r-plus-base,okapi,fra,monolingual,0.35120012248464144,1.275272988309955,0.79,
command-r-plus-base,okapi,hin,crosslingual,0.09098268795013598,0.3074757575302587,0.0,1.0
command-r-plus-base,okapi,ind,crosslingual,0.10009187960992351,2.3004580377556865,0.0,
command-r-plus-base,okapi,ind,monolingual,0.6090109053469503,1.3391282837310476,0.81,
command-r-plus-base,okapi,ita,crosslingual,0.07865502880844538,0.43830746573129553,0.0,
command-r-plus-base,okapi,ita,monolingual,0.4161575665898314,1.097701874532949,0.65,
command-r-plus-base,okapi,jpn,crosslingual,0.11869086796745609,0.374442595769841,0.0,1.0
command-r-plus-base,okapi,kor,crosslingual,0.13403262376826625,0.24012440164472568,0.0,1.0
command-r-plus-base,okapi,por,crosslingual,0.1175780045658445,2.6095623356584743,0.0,
command-r-plus-base,okapi,por,monolingual,0.4347438374614272,1.2527129804927837,0.65,
command-r-plus-base,okapi,rus,crosslingual,0.07507275491094162,0.3015677827290796,0.01,0.0
command-r-plus-base,okapi,spa,crosslingual,0.10876255544937602,0.39926615383449837,0.0,
command-r-plus-base,okapi,spa,monolingual,0.40864234579590236,1.1341600459690209,0.67,
command-r-plus-base,okapi,tur,crosslingual,0.16261891748895801,0.4263671338009229,0.0,
command-r-plus-base,okapi,vie,crosslingual,0.21346144268828013,0.4411907919316212,0.01,
command-r-plus-base,okapi,vie,monolingual,0.35609663249574125,0.8653951250060857,0.71,
command-r-plus-base,okapi,zho,crosslingual,0.09512901060719381,0.265080768166649,0.03,1.0
command-r-plus-base,okapi,zho,monolingual,0.28063248355629006,0.7512391111663986,0.48,0.98
command-r-plus-base,sharegpt,ara,crosslingual,0.08446039701020179,0.31814555425474583,0.0,1.0
command-r-plus-base,sharegpt,deu,crosslingual,0.06721672414884776,0.5012339566753605,0.0,
command-r-plus-base,sharegpt,fra,crosslingual,0.2469492339390006,1.6463450852273604,0.0,
command-r-plus-base,sharegpt,hin,crosslingual,0.03087194389998474,0.2618054152861451,0.0,1.0
command-r-plus-base,sharegpt,ind,crosslingual,0.0826233618935301,1.1650528417131996,0.0,
command-r-plus-base,sharegpt,ita,crosslingual,0.09072314546666521,0.6646296184078501,0.0,
command-r-plus-base,sharegpt,jpn,crosslingual,0.07490671317554855,0.3097705253597101,0.01,1.0
command-r-plus-base,sharegpt,kor,crosslingual,0.07354871807744617,0.28267411585172425,0.0,1.0
command-r-plus-base,sharegpt,por,crosslingual,0.08961411334140328,1.4449797950933303,0.0,
command-r-plus-base,sharegpt,rus,crosslingual,0.08033942758362428,0.3583256706717381,0.0,1.0
command-r-plus-base,sharegpt,spa,crosslingual,0.061130535354046,0.2959941349001099,0.0,
command-r-plus-base,sharegpt,tur,crosslingual,0.09652480351562476,0.34836984853007685,0.0,
command-r-plus-base,sharegpt,vie,crosslingual,0.11729195335750435,0.40033309654153343,0.0,
command-r-plus-base,sharegpt,zho,crosslingual,0.09701580680602535,0.2485014183383751,0.02,1.0
gpt-3.5-turbo,aya-human-annotated,ara,monolingual,0.0,0.12237565840310456,,
gpt-3.5-turbo,aya-human-annotated,eng,monolingual,0.024428149300065184,0.25763100423436697,,
gpt-3.5-turbo,aya-human-annotated,por,monolingual,0.027008974971611564,0.9387502462926812,,
gpt-3.5-turbo,aya-human-annotated,tur,monolingual,0.00498016263069183,0.42814075158876624,,
gpt-3.5-turbo,aya-human-annotated,zho,monolingual,0.0,0.16130532984263193,,
gpt-3.5-turbo,complex-prompts,ara,crosslingual,0.21667054734822144,0.31323586587871866,,
gpt-3.5-turbo,complex-prompts,deu,crosslingual,0.27536110542400694,0.8304249232213107,,
gpt-3.5-turbo,complex-prompts,fra,crosslingual,0.2899369441342333,1.2229335277503515,,
gpt-3.5-turbo,complex-prompts,hin,crosslingual,0.2210001042372402,0.521225656877224,,
gpt-3.5-turbo,complex-prompts,ind,crosslingual,0.364099075736187,1.2567801357556905,,
gpt-3.5-turbo,complex-prompts,ita,crosslingual,0.27369732403918096,1.0861283497167042,,
gpt-3.5-turbo,complex-prompts,jpn,crosslingual,0.16513688450870878,0.3500387719612436,,
gpt-3.5-turbo,complex-prompts,kor,crosslingual,0.1695460820238171,0.2260511212317216,,
gpt-3.5-turbo,complex-prompts,por,crosslingual,0.2899276931159028,1.13898886117527,,
gpt-3.5-turbo,complex-prompts,rus,crosslingual,0.17313843203243087,0.6504129858299859,,
gpt-3.5-turbo,complex-prompts,spa,crosslingual,0.24992469521273053,1.0576160734119464,,
gpt-3.5-turbo,complex-prompts,tur,crosslingual,0.2520147021020361,0.710827972115466,,
gpt-3.5-turbo,complex-prompts,vie,crosslingual,0.21939879404492355,0.4548586355322636,,
gpt-3.5-turbo,complex-prompts,zho,crosslingual,0.1342158444219839,0.2817604248055622,,
gpt-3.5-turbo,dolly-human-edited,ara,monolingual,0.0,0.10259947618515647,,
gpt-3.5-turbo,dolly-human-edited,fra,monolingual,0.02571691472568311,0.9567584730856801,,
gpt-3.5-turbo,dolly-human-edited,hin,monolingual,0.05462762211115054,0.3937154470287605,,
gpt-3.5-turbo,dolly-human-edited,rus,monolingual,0.01678112109281668,0.6321540982926376,,
gpt-3.5-turbo,dolly-human-edited,spa,monolingual,0.050670175495363734,0.9454634045389162,,
gpt-3.5-turbo,native-prompts,fra,monolingual,0.04940065322133479,0.867706300739386,,
gpt-3.5-turbo,native-prompts,jpn,monolingual,0.005708465422560583,0.03699547024609457,,
gpt-3.5-turbo,native-prompts,kor,monolingual,0.0,0.008836991246419242,,
gpt-3.5-turbo,native-prompts,spa,monolingual,0.03317631762295149,0.8812507557884399,,
gpt-3.5-turbo,okapi,ara,crosslingual,0.0029637100445503834,0.09985197534990777,0.99,1.0
gpt-3.5-turbo,okapi,ara,monolingual,0.0,0.09088480904901294,1.0,1.0
gpt-3.5-turbo,okapi,deu,crosslingual,0.05078089488002588,0.4873650406960095,0.99,
gpt-3.5-turbo,okapi,deu,monolingual,0.02763957983948946,0.4325363549345538,1.0,
gpt-3.5-turbo,okapi,eng,monolingual,0.03679872489068776,0.2507767144305758,0.99,
gpt-3.5-turbo,okapi,fra,crosslingual,0.033577225595036474,0.8949448020331652,0.96,
gpt-3.5-turbo,okapi,fra,monolingual,0.0,0.8848542141543292,1.0,
gpt-3.5-turbo,okapi,hin,crosslingual,0.07920812456248429,0.41541830040371663,0.99,1.0
gpt-3.5-turbo,okapi,ind,crosslingual,0.25664358266655896,1.2124506283635874,0.9,
gpt-3.5-turbo,okapi,ind,monolingual,0.23366516237717355,1.2532080129655936,0.96,
gpt-3.5-turbo,okapi,ita,crosslingual,0.019530457782234598,0.9893261322252185,1.0,
gpt-3.5-turbo,okapi,ita,monolingual,0.01026055871980918,0.956656483574712,1.0,
gpt-3.5-turbo,okapi,jpn,crosslingual,0.0,0.07104884110167259,0.97,1.0
gpt-3.5-turbo,okapi,kor,crosslingual,0.0,0.027690423983043444,0.99,1.0
gpt-3.5-turbo,okapi,por,crosslingual,0.03147557300789479,0.9597845257853811,0.97,
gpt-3.5-turbo,okapi,por,monolingual,0.03138487313720466,0.9526627771110654,0.98,
gpt-3.5-turbo,okapi,rus,crosslingual,0.03144955489768576,0.5599354900623501,0.98,1.0
gpt-3.5-turbo,okapi,spa,crosslingual,0.028095244817145537,0.9249796226183488,1.0,
gpt-3.5-turbo,okapi,spa,monolingual,0.00498016263069183,0.9775473012974869,0.99,
gpt-3.5-turbo,okapi,tur,crosslingual,0.018047884695128084,0.5011972928928086,0.98,
gpt-3.5-turbo,okapi,vie,crosslingual,0.0025561896023902396,0.3588415396376023,0.99,
gpt-3.5-turbo,okapi,vie,monolingual,0.006991003137002213,0.3586650570219133,0.99,
gpt-3.5-turbo,okapi,zho,crosslingual,0.010111239280495532,0.05884150252269712,0.97,1.0
gpt-3.5-turbo,okapi,zho,monolingual,0.0,0.02135958047498094,0.99,1.0
gpt-3.5-turbo,sharegpt,ara,crosslingual,0.009562886365655464,0.10514453764351712,0.98,1.0
gpt-3.5-turbo,sharegpt,deu,crosslingual,0.009539024760965414,0.4394778784900919,0.95,
gpt-3.5-turbo,sharegpt,fra,crosslingual,0.042136742668899344,0.970733356867001,0.97,
gpt-3.5-turbo,sharegpt,hin,crosslingual,0.04875524591923626,0.4067115013932405,0.98,1.0
gpt-3.5-turbo,sharegpt,ind,crosslingual,0.15445199289888673,1.318684368550857,0.96,
gpt-3.5-turbo,sharegpt,ita,crosslingual,0.01937828298035635,0.892756941307381,0.98,
gpt-3.5-turbo,sharegpt,jpn,crosslingual,0.02209384801275295,0.13398960201855553,0.95,1.0
gpt-3.5-turbo,sharegpt,kor,crosslingual,0.009117724260547168,0.02610925844822918,0.97,1.0
gpt-3.5-turbo,sharegpt,por,crosslingual,0.029235619797448667,0.9488124883870773,0.95,
gpt-3.5-turbo,sharegpt,rus,crosslingual,0.0202341371500758,0.5285452073803971,0.98,0.99
gpt-3.5-turbo,sharegpt,spa,crosslingual,0.04744849211684283,0.8492315878045846,0.98,
gpt-3.5-turbo,sharegpt,tur,crosslingual,0.013302665344476345,0.3860110989573186,0.97,
gpt-3.5-turbo,sharegpt,vie,crosslingual,0.009562886365655464,0.28411437434151415,0.97,
gpt-3.5-turbo,sharegpt,zho,crosslingual,0.01367658639082075,0.04143550338585641,0.96,1.0
gpt-4-turbo,aya-human-annotated,ara,monolingual,0.0,0.16098346066650904,,
gpt-4-turbo,aya-human-annotated,eng,monolingual,0.02889359264617023,0.28484773591486406,,
gpt-4-turbo,aya-human-annotated,por,monolingual,0.01625916719214188,1.0233990895928646,,
gpt-4-turbo,aya-human-annotated,tur,monolingual,0.0,0.493219658340484,,
gpt-4-turbo,aya-human-annotated,zho,monolingual,0.012554823251787535,0.21665153042942495,,
gpt-4-turbo,complex-prompts,ara,crosslingual,0.15943404125148944,0.3721910693239267,,
gpt-4-turbo,complex-prompts,deu,crosslingual,0.1819233851031328,0.7244420593387398,,
gpt-4-turbo,complex-prompts,fra,crosslingual,0.18797470314168666,1.194395927346823,,
gpt-4-turbo,complex-prompts,hin,crosslingual,0.207798554500584,0.5636526051765613,,
gpt-4-turbo,complex-prompts,ind,crosslingual,0.35010949482757014,1.3859656614677918,,
gpt-4-turbo,complex-prompts,ita,crosslingual,0.25327188306356635,1.126432275824872,,
gpt-4-turbo,complex-prompts,jpn,crosslingual,0.1567978255502231,0.4571812384383187,,
gpt-4-turbo,complex-prompts,kor,crosslingual,0.15272824715004968,0.2305488844502136,,
gpt-4-turbo,complex-prompts,por,crosslingual,0.1899020638179265,1.0890045958226,,
gpt-4-turbo,complex-prompts,rus,crosslingual,0.18942055246167938,0.8008767520169593,,
gpt-4-turbo,complex-prompts,spa,crosslingual,0.20948825627693568,1.040504760214429,,
gpt-4-turbo,complex-prompts,tur,crosslingual,0.1804379317360852,0.6663213596087415,,
gpt-4-turbo,complex-prompts,vie,crosslingual,0.18356200597294972,0.4728851857335216,,
gpt-4-turbo,complex-prompts,zho,crosslingual,0.1748335397114822,0.48243790249891977,,
gpt-4-turbo,dolly-human-edited,ara,monolingual,0.0,0.11162713611778513,,
gpt-4-turbo,dolly-human-edited,fra,monolingual,0.039729503273522995,0.8653987262084921,,
gpt-4-turbo,dolly-human-edited,hin,monolingual,0.06393093923859013,0.4232339010438962,,
gpt-4-turbo,dolly-human-edited,rus,monolingual,0.06357884185320678,0.6206203544017233,,
gpt-4-turbo,dolly-human-edited,spa,monolingual,0.03922373497550983,0.947830024814773,,
gpt-4-turbo,native-prompts,fra,monolingual,0.06166017469214188,0.8426014497962266,,
gpt-4-turbo,native-prompts,jpn,monolingual,0.008309249544901557,0.030705926245763716,,
gpt-4-turbo,native-prompts,kor,monolingual,0.0,0.014565187733674309,,
gpt-4-turbo,native-prompts,spa,monolingual,0.07791874080672102,0.9337190904501103,,
gpt-4-turbo,okapi,ara,crosslingual,0.028380814086780753,0.1671810809185493,0.94,1.0
gpt-4-turbo,okapi,ara,monolingual,0.0,0.13401600081289286,1.0,1.0
gpt-4-turbo,okapi,deu,crosslingual,0.029004764290390242,0.4321888909486971,0.99,
gpt-4-turbo,okapi,deu,monolingual,0.0316284601616757,0.42414884571611994,1.0,
gpt-4-turbo,okapi,eng,monolingual,0.07542196803728078,0.28959435934064887,1.0,
gpt-4-turbo,okapi,fra,crosslingual,0.009629188094851424,0.9045142680905441,0.95,
gpt-4-turbo,okapi,fra,monolingual,0.050933495543940166,0.8887392550764432,0.99,
gpt-4-turbo,okapi,hin,crosslingual,0.1436095987426809,0.4372489901258986,0.99,1.0
gpt-4-turbo,okapi,ind,crosslingual,0.21194037491501944,1.3747380141234842,0.93,
gpt-4-turbo,okapi,ind,monolingual,0.2289262136533631,1.2823099590618363,0.96,
gpt-4-turbo,okapi,ita,crosslingual,0.03168172925811476,0.9504850328837737,0.99,
gpt-4-turbo,okapi,ita,monolingual,0.00505145728861651,0.9283932616908699,0.99,
gpt-4-turbo,okapi,jpn,crosslingual,0.05020740760692013,0.19830322982866316,0.93,0.99
gpt-4-turbo,okapi,kor,crosslingual,0.015240721350501009,0.07060742684590464,0.95,1.0
gpt-4-turbo,okapi,por,crosslingual,0.04518334109968847,1.0133621610404802,0.96,
gpt-4-turbo,okapi,por,monolingual,0.02933973375847633,0.9401451819004896,0.96,
gpt-4-turbo,okapi,rus,crosslingual,0.027858322638395442,0.5332188951157867,0.98,1.0
gpt-4-turbo,okapi,spa,crosslingual,0.03740303129986431,0.9596353377745896,0.98,
gpt-4-turbo,okapi,spa,monolingual,0.023165277303331427,0.9551888671607499,1.0,
gpt-4-turbo,okapi,tur,crosslingual,0.01555614978793175,0.5894055572369374,0.98,
gpt-4-turbo,okapi,vie,crosslingual,0.013289412175593387,0.3844969102634995,0.99,
gpt-4-turbo,okapi,vie,monolingual,0.0033290869142097268,0.3217458656776685,1.0,
gpt-4-turbo,okapi,zho,crosslingual,0.015630300730806762,0.10014900470045811,0.97,1.0
gpt-4-turbo,okapi,zho,monolingual,0.0033290869142097268,0.0408205327734921,0.99,1.0
gpt-4-turbo,sharegpt,ara,crosslingual,0.011911634436291283,0.22609995994895718,0.96,0.99
gpt-4-turbo,sharegpt,deu,crosslingual,0.022532130774077404,0.42044251587534637,0.97,
gpt-4-turbo,sharegpt,fra,crosslingual,0.018843106241890735,0.9087291081752017,0.97,
gpt-4-turbo,sharegpt,hin,crosslingual,0.13231789974500777,0.5211398796989432,0.97,1.0
gpt-4-turbo,sharegpt,ind,crosslingual,0.2109045847474913,1.2745384880517785,0.94,
gpt-4-turbo,sharegpt,ita,crosslingual,0.015576797363787902,0.8901312085080755,0.97,
gpt-4-turbo,sharegpt,jpn,crosslingual,0.08717943365930647,0.24804934286908803,0.93,1.0
gpt-4-turbo,sharegpt,kor,crosslingual,0.011911634436291283,0.053510724435697064,0.96,1.0
gpt-4-turbo,sharegpt,por,crosslingual,0.037748990519888365,0.9522277498081645,1.0,
gpt-4-turbo,sharegpt,rus,crosslingual,0.045664324862150794,0.5932941680115149,0.95,0.98
gpt-4-turbo,sharegpt,spa,crosslingual,0.039932883529281496,0.8854191139024208,0.99,
gpt-4-turbo,sharegpt,tur,crosslingual,0.023823268872582567,0.4146118265696332,0.97,
gpt-4-turbo,sharegpt,vie,crosslingual,0.025774578047490188,0.36918000524018674,0.94,
gpt-4-turbo,sharegpt,zho,crosslingual,0.009165103714621009,0.18012337061003714,0.98,1.0
llama-2-instruct,aya-human-annotated,ara,monolingual,0.1737975635061165,0.7485890957730649,,
llama-2-instruct,aya-human-annotated,eng,monolingual,0.022913264957592362,0.2551423830503402,,
llama-2-instruct,aya-human-annotated,por,monolingual,0.04533688947051037,1.011267038107997,,
llama-2-instruct,aya-human-annotated,tur,monolingual,0.13474188585575153,1.2332596150564055,,
llama-2-instruct,aya-human-annotated,zho,monolingual,0.07838828694925165,0.8132170389705763,,
llama-2-instruct,complex-prompts,ara,crosslingual,0.30013801149292907,0.6141936580173014,,
llama-2-instruct,complex-prompts,deu,crosslingual,0.43823182065932925,1.127582337234963,,
llama-2-instruct,complex-prompts,fra,crosslingual,0.29453278693080837,1.6177710800024527,,
llama-2-instruct,complex-prompts,hin,crosslingual,0.35662580601648664,0.8903471616888718,,
llama-2-instruct,complex-prompts,ind,crosslingual,0.40236457371937956,1.1313654327913107,,
llama-2-instruct,complex-prompts,ita,crosslingual,0.39135263918410595,1.2054162387062617,,
llama-2-instruct,complex-prompts,jpn,crosslingual,0.33489432725510243,0.9218646303774586,,
llama-2-instruct,complex-prompts,kor,crosslingual,0.34756908871757214,0.7025291372813881,,
llama-2-instruct,complex-prompts,por,crosslingual,0.29168655058498977,1.1160343409174922,,
llama-2-instruct,complex-prompts,rus,crosslingual,0.2704628020747924,0.7996978748543061,,
llama-2-instruct,complex-prompts,spa,crosslingual,0.23207267296943765,0.9236140733965423,,
llama-2-instruct,complex-prompts,tur,crosslingual,0.22387483326590607,0.595848391849101,,
llama-2-instruct,complex-prompts,vie,crosslingual,0.29919399294098536,0.6267744749833443,,
llama-2-instruct,complex-prompts,zho,crosslingual,0.3379730058090538,0.8970363983288048,,
llama-2-instruct,dolly-human-edited,ara,monolingual,0.04838373064391214,0.6006968588057052,,
llama-2-instruct,dolly-human-edited,fra,monolingual,0.07766738096101714,1.0739097184482065,,
llama-2-instruct,dolly-human-edited,hin,monolingual,0.12787728031956466,0.5676285788279919,,
llama-2-instruct,dolly-human-edited,rus,monolingual,0.07043888201272862,0.693870400550044,,
llama-2-instruct,dolly-human-edited,spa,monolingual,0.05713570187395522,0.9231658465410146,,
llama-2-instruct,native-prompts,fra,monolingual,0.0628762318650408,1.0077384134919938,,
llama-2-instruct,native-prompts,jpn,monolingual,0.07837918501967801,0.5228900621948476,,
llama-2-instruct,native-prompts,kor,monolingual,0.050129355443762166,0.3959621503327421,,
llama-2-instruct,native-prompts,spa,monolingual,0.04675447681278756,0.9162019542216718,,
llama-2-instruct,okapi,ara,crosslingual,0.5574178821555943,0.7932647311024068,0.12,1.0
llama-2-instruct,okapi,ara,monolingual,0.2918200393672934,0.3240177332637252,0.0,1.0
llama-2-instruct,okapi,deu,crosslingual,0.22033914497507115,0.8640697915170089,0.54,
llama-2-instruct,okapi,deu,monolingual,0.14375224892581215,0.8092000163789111,0.59,
llama-2-instruct,okapi,eng,monolingual,0.046490744017057495,0.23694642050975845,0.99,
llama-2-instruct,okapi,fra,crosslingual,0.08162663216346693,1.1659100238368476,0.79,
llama-2-instruct,okapi,fra,monolingual,0.07813365615778853,1.080702530699446,0.83,
llama-2-instruct,okapi,hin,crosslingual,0.3506569112771921,1.0377485146753282,0.19,0.84
llama-2-instruct,okapi,ind,crosslingual,0.40517708962591237,1.5003665188435837,0.58,
llama-2-instruct,okapi,ind,monolingual,0.2998647360540661,1.2861815078035213,0.62,
llama-2-instruct,okapi,ita,crosslingual,0.25006690879407445,1.1744028756133194,0.76,
llama-2-instruct,okapi,ita,monolingual,0.1500203384200108,1.010873977655632,0.72,
llama-2-instruct,okapi,jpn,crosslingual,0.24090627636806006,1.0523966095646622,0.13,1.0
llama-2-instruct,okapi,kor,crosslingual,0.4637865638464899,0.9327318558715237,0.04,1.0
llama-2-instruct,okapi,por,crosslingual,0.16034040255359408,1.090284692673317,0.84,
llama-2-instruct,okapi,por,monolingual,0.06838951630567998,0.9887929762625843,0.85,
llama-2-instruct,okapi,rus,crosslingual,0.15364840691770587,0.7509531731890546,0.43,0.86
llama-2-instruct,okapi,spa,crosslingual,0.06471618431250564,1.06190006208881,0.91,
llama-2-instruct,okapi,spa,monolingual,0.06053974639567362,0.9377075767655326,0.92,
llama-2-instruct,okapi,tur,crosslingual,0.2258649028093755,0.7303189057743755,0.29,
llama-2-instruct,okapi,vie,crosslingual,0.24464798317634373,0.6657783841505283,0.36,
llama-2-instruct,okapi,vie,monolingual,0.2501277605046898,0.5747715209989976,0.17,
llama-2-instruct,okapi,zho,crosslingual,0.2859660301233856,1.266567675948287,0.1,0.7
llama-2-instruct,okapi,zho,monolingual,0.14425624683938945,0.384486335803614,0.03,1.0
llama-2-instruct,sharegpt,ara,crosslingual,0.25813304839460555,0.6713689941714094,0.13,0.92
llama-2-instruct,sharegpt,deu,crosslingual,0.1384983407993386,0.9550425580820948,0.66,
llama-2-instruct,sharegpt,fra,crosslingual,0.0790603268491635,1.0651765228730947,0.87,
llama-2-instruct,sharegpt,hin,crosslingual,0.3256895379850583,0.8523911562263955,0.31,0.87
llama-2-instruct,sharegpt,ind,crosslingual,0.22227017024986598,1.26316974461174,0.58,
llama-2-instruct,sharegpt,ita,crosslingual,0.05768574334729434,1.095019874507829,0.84,
llama-2-instruct,sharegpt,jpn,crosslingual,0.3940556421456735,1.4848579507723403,0.2,0.8
llama-2-instruct,sharegpt,kor,crosslingual,0.2608299583301699,0.7853019382652106,0.05,0.6
llama-2-instruct,sharegpt,por,crosslingual,0.15464712896360922,0.9815216286511099,0.89,
llama-2-instruct,sharegpt,rus,crosslingual,0.23169509398188157,0.8147273028400354,0.42,0.76
llama-2-instruct,sharegpt,spa,crosslingual,0.1048129103437368,0.8609438825574114,0.84,
llama-2-instruct,sharegpt,tur,crosslingual,0.23418332085134694,0.7623868422458331,0.28,
llama-2-instruct,sharegpt,vie,crosslingual,0.2157228764398745,0.6269938437354754,0.19,
llama-2-instruct,sharegpt,zho,crosslingual,0.22106576553998075,1.163023008132802,0.18,0.78
llama-3-instruct,aya-human-annotated,ara,monolingual,0.28983742172987087,1.0906297141616474,,
llama-3-instruct,aya-human-annotated,eng,monolingual,0.025802255054316464,0.2943497143344204,,
llama-3-instruct,aya-human-annotated,por,monolingual,0.08712327905741478,0.9678617423962208,,
llama-3-instruct,aya-human-annotated,tur,monolingual,0.20085137874796222,1.5459074344826818,,
llama-3-instruct,aya-human-annotated,zho,monolingual,0.2005692386425074,1.3633770359826687,,
llama-3-instruct,complex-prompts,ara,crosslingual,0.6762306099126082,0.9504527932586353,,
llama-3-instruct,complex-prompts,deu,crosslingual,0.6487986444892352,1.0433192348714866,,
llama-3-instruct,complex-prompts,fra,crosslingual,0.6685244608913259,1.427440487189312,,
llama-3-instruct,complex-prompts,hin,crosslingual,0.721622522095756,0.983533471193957,,
llama-3-instruct,complex-prompts,ind,crosslingual,0.7532301845717229,1.502040446308324,,
llama-3-instruct,complex-prompts,ita,crosslingual,0.682719117397226,1.4955251155846063,,
llama-3-instruct,complex-prompts,jpn,crosslingual,0.5163856432904272,1.0430716570761485,,
llama-3-instruct,complex-prompts,kor,crosslingual,0.3609988178306855,0.5582123310475509,,
llama-3-instruct,complex-prompts,por,crosslingual,0.5969628243882893,1.4511904794242911,,
llama-3-instruct,complex-prompts,rus,crosslingual,0.6979906755052335,1.3106933121920261,,
llama-3-instruct,complex-prompts,spa,crosslingual,0.6063192628668853,1.3109762173899187,,
llama-3-instruct,complex-prompts,tur,crosslingual,0.7388297913302259,1.0308688949637543,,
llama-3-instruct,complex-prompts,vie,crosslingual,0.7590091509344815,0.900170855383711,,
llama-3-instruct,complex-prompts,zho,crosslingual,0.524596163478359,1.000428667686309,,
llama-3-instruct,dolly-human-edited,ara,monolingual,0.1583814096025652,0.6460565295783153,,
llama-3-instruct,dolly-human-edited,fra,monolingual,0.036208857223225206,0.9871046530273297,,
llama-3-instruct,dolly-human-edited,hin,monolingual,0.1719665188532839,0.6830636413396438,,
llama-3-instruct,dolly-human-edited,rus,monolingual,0.09548520157011843,0.6324602683810917,,
llama-3-instruct,dolly-human-edited,spa,monolingual,0.06095295321487487,0.9262169745081628,,
llama-3-instruct,native-prompts,fra,monolingual,0.06352356838404902,1.1909292136430514,,
llama-3-instruct,native-prompts,jpn,monolingual,0.15790236344546627,0.6016758059334963,,
llama-3-instruct,native-prompts,kor,monolingual,0.17204961825034906,0.8120217512320206,,
llama-3-instruct,native-prompts,spa,monolingual,0.06045232464999456,0.9323262421357932,,
llama-3-instruct,okapi,ara,crosslingual,0.4341250360852387,0.6167821267707707,0.34,0.97
llama-3-instruct,okapi,ara,monolingual,0.11562884524268272,0.33463080409760226,0.23,1.0
llama-3-instruct,okapi,deu,crosslingual,0.3346158439280736,0.6972038285865857,0.38,
llama-3-instruct,okapi,deu,monolingual,0.055593303020943764,0.8991533225816372,0.31,
llama-3-instruct,okapi,eng,monolingual,0.04178584768155156,0.275316946421598,1.0,
llama-3-instruct,okapi,fra,crosslingual,0.2397774922721628,1.0365742085922327,0.68,
llama-3-instruct,okapi,fra,monolingual,0.04529780122927015,0.9776752243459381,0.9,
llama-3-instruct,okapi,hin,crosslingual,0.551054234507736,0.7615621975261565,0.55,0.98
llama-3-instruct,okapi,ind,crosslingual,0.7550254142711045,1.58996298971945,0.27,
llama-3-instruct,okapi,ind,monolingual,0.14124869073916227,0.8658824806331448,0.21,
llama-3-instruct,okapi,ita,crosslingual,0.3277815935193062,1.257776724489136,0.44,
llama-3-instruct,okapi,ita,monolingual,0.02999113534280805,1.0139274662117392,0.88,
llama-3-instruct,okapi,jpn,crosslingual,0.4599917515072388,0.6738698997898753,0.0,1.0
llama-3-instruct,okapi,kor,crosslingual,0.39317913965252005,0.2025457853349816,0.0,1.0
llama-3-instruct,okapi,por,crosslingual,0.2601628400375813,1.1831725340689077,0.68,
llama-3-instruct,okapi,por,monolingual,0.04371823889349219,1.0376728981213474,0.97,
llama-3-instruct,okapi,rus,crosslingual,0.3516876608900803,0.8827875978086317,0.47,0.98
llama-3-instruct,okapi,spa,crosslingual,0.19614041264746196,1.0631217997804243,0.72,
llama-3-instruct,okapi,spa,monolingual,0.04582906925514507,0.9694744749141065,0.99,
llama-3-instruct,okapi,tur,crosslingual,0.5091633527187593,0.9505283012980194,0.13,
llama-3-instruct,okapi,vie,crosslingual,0.42459209861877206,0.6656379520778707,0.24,
llama-3-instruct,okapi,vie,monolingual,0.141600592271279,0.48269289816576183,0.1,
llama-3-instruct,okapi,zho,crosslingual,0.2975602642941014,0.49904342211935115,0.0,1.0
llama-3-instruct,okapi,zho,monolingual,0.10304291498886743,0.4264436367854547,0.01,1.0
llama-3-instruct,sharegpt,ara,crosslingual,0.4496371494286165,0.9010306623013884,0.38,0.95
llama-3-instruct,sharegpt,deu,crosslingual,0.2843976137695822,0.7582782010407522,0.45,
llama-3-instruct,sharegpt,fra,crosslingual,0.26354889345688326,1.1693394144684153,0.58,
llama-3-instruct,sharegpt,hin,crosslingual,0.386675867515236,0.8747591003302108,0.59,0.95
llama-3-instruct,sharegpt,ind,crosslingual,0.5721694447896287,1.4901157765496729,0.37,
llama-3-instruct,sharegpt,ita,crosslingual,0.28659145470960357,1.2046478790300106,0.45,
llama-3-instruct,sharegpt,jpn,crosslingual,0.4703558259921206,0.765570305596754,0.041,0.75
llama-3-instruct,sharegpt,kor,crosslingual,0.3788497422059484,0.2698615195721897,0.023,1.0
llama-3-instruct,sharegpt,por,crosslingual,0.19376423650504254,1.105153555782219,0.71,
llama-3-instruct,sharegpt,rus,crosslingual,0.29879902100764677,1.0797498194184163,0.5,0.86
llama-3-instruct,sharegpt,spa,crosslingual,0.15526704568494298,1.0356536998578643,0.75,
llama-3-instruct,sharegpt,tur,crosslingual,0.46067557256344344,0.8891200763675404,0.3,
llama-3-instruct,sharegpt,vie,crosslingual,0.4244924233024075,0.6726453738259193,0.25,
llama-3-instruct,sharegpt,zho,crosslingual,0.339443342030232,0.675088002674339,0.13,0.77
mistral-8x7b,aya-human-annotated,ara,monolingual,0.0668663197506561,0.4606445014039792,,
mistral-8x7b,aya-human-annotated,eng,monolingual,0.01719251855138629,0.26977253726564265,,
mistral-8x7b,aya-human-annotated,por,monolingual,0.03792079511978717,1.0361055928706653,,
mistral-8x7b,aya-human-annotated,tur,monolingual,0.025184892599012795,0.6763388696734245,,
mistral-8x7b,aya-human-annotated,zho,monolingual,0.08710042067153574,1.216073404798882,,
mistral-8x7b,complex-prompts,ara,crosslingual,0.1935173152755682,0.5217168781883008,,
mistral-8x7b,complex-prompts,deu,crosslingual,0.3043586669706179,0.7617884273909666,,
mistral-8x7b,complex-prompts,fra,crosslingual,0.3105168439206241,1.2405044491086068,,
mistral-8x7b,complex-prompts,hin,crosslingual,0.2665471532860812,0.8431726925189444,,
mistral-8x7b,complex-prompts,ind,crosslingual,0.3172153868968447,1.1944180782064067,,
mistral-8x7b,complex-prompts,ita,crosslingual,0.263697051115282,1.0710966266786264,,
mistral-8x7b,complex-prompts,jpn,crosslingual,0.2509026318526483,0.8900067249194924,,
mistral-8x7b,complex-prompts,kor,crosslingual,0.2211293611364241,0.6211134098439927,,
mistral-8x7b,complex-prompts,por,crosslingual,0.26572739427448394,1.0541524260848416,,
mistral-8x7b,complex-prompts,rus,crosslingual,0.19549228832692686,0.7862721498423317,,
mistral-8x7b,complex-prompts,spa,crosslingual,0.2715107993071149,1.1274655787739782,,
mistral-8x7b,complex-prompts,tur,crosslingual,0.23266027718704863,0.7252519135450948,,
mistral-8x7b,complex-prompts,vie,crosslingual,0.25551984526418825,0.6204249983001295,,
mistral-8x7b,complex-prompts,zho,crosslingual,0.2718384784641442,0.7303273381276963,,
mistral-8x7b,dolly-human-edited,ara,monolingual,0.05469174732873782,0.45741223443664725,,
mistral-8x7b,dolly-human-edited,fra,monolingual,0.04322883017351788,1.005361041850598,,
mistral-8x7b,dolly-human-edited,hin,monolingual,0.054004676319079944,0.6105792242933337,,
mistral-8x7b,dolly-human-edited,rus,monolingual,0.04139568888543146,0.6947191402832017,,
mistral-8x7b,dolly-human-edited,spa,monolingual,0.018730296389805997,0.8852805061965295,,
mistral-8x7b,native-prompts,fra,monolingual,0.042582764254818654,0.9593604094009456,,
mistral-8x7b,native-prompts,jpn,monolingual,0.13937000463925103,0.8628433907000373,,
mistral-8x7b,native-prompts,kor,monolingual,0.07873772271764129,0.4959773848304602,,
mistral-8x7b,native-prompts,spa,monolingual,0.08730038670841894,0.978804636657147,,
mistral-8x7b,okapi,ara,crosslingual,0.10748690038982518,0.43704029043187703,0.7,0.84
mistral-8x7b,okapi,ara,monolingual,0.05325874021859841,0.38093603517947194,0.46,0.85
mistral-8x7b,okapi,deu,crosslingual,0.06700183423496,0.5201759909957137,0.89,
mistral-8x7b,okapi,deu,monolingual,0.02287752390999989,0.4477345376319479,0.91,
mistral-8x7b,okapi,eng,monolingual,0.06725371647998063,0.2974427531215703,0.99,
mistral-8x7b,okapi,fra,crosslingual,0.04038392877303345,0.9362888686753038,0.92,
mistral-8x7b,okapi,fra,monolingual,0.033962146171069775,0.9642816246513862,0.96,
mistral-8x7b,okapi,hin,crosslingual,0.4448171878376136,1.3675156273587297,0.35,0.86
mistral-8x7b,okapi,ind,crosslingual,0.3380964353299292,1.4423421233020672,0.74,
mistral-8x7b,okapi,ind,monolingual,0.20362956090000978,1.0134048439075882,0.58,
mistral-8x7b,okapi,ita,crosslingual,0.043161918226026295,1.0269403766709786,0.96,
mistral-8x7b,okapi,ita,monolingual,0.06453533152912047,1.0027345723360372,0.72,
mistral-8x7b,okapi,jpn,crosslingual,0.22959937577241857,1.108492853241453,0.63,0.65
mistral-8x7b,okapi,kor,crosslingual,0.19286576021923266,0.843786493604173,0.6,0.67
mistral-8x7b,okapi,por,crosslingual,0.049536505732371366,1.0531924315630756,0.93,
mistral-8x7b,okapi,por,monolingual,0.11886635312581495,0.9131451423983954,0.77,
mistral-8x7b,okapi,rus,crosslingual,0.09922053080794567,0.8185502855240172,0.79,0.87
mistral-8x7b,okapi,spa,crosslingual,0.04514232433129621,0.9910463469612941,0.9,
mistral-8x7b,okapi,spa,monolingual,0.04684814115039947,0.88303980155586,0.8,
mistral-8x7b,okapi,tur,crosslingual,0.04656899346428855,0.5892722172005292,0.87,
mistral-8x7b,okapi,vie,crosslingual,0.0605687977074391,0.4858670380668943,0.88,
mistral-8x7b,okapi,vie,monolingual,0.10374288660232692,0.4133510692085064,0.57,
mistral-8x7b,okapi,zho,crosslingual,0.08655505611535226,0.7114381780469557,0.67,0.66
mistral-8x7b,okapi,zho,monolingual,0.13603915189530474,0.5547581758476281,0.31,0.71
mistral-8x7b,sharegpt,ara,crosslingual,0.15070091788936363,0.7813797863267592,0.66,0.7
mistral-8x7b,sharegpt,deu,crosslingual,0.10332907585253208,0.578870707561324,0.84,
mistral-8x7b,sharegpt,fra,crosslingual,0.05127797396681879,0.9759905811301082,0.89,
mistral-8x7b,sharegpt,hin,crosslingual,0.2046237132735321,1.0942860760247233,0.45,0.62
mistral-8x7b,sharegpt,ind,crosslingual,0.20302421149099048,1.362346569857463,0.87,
mistral-8x7b,sharegpt,ita,crosslingual,0.0658358898625634,0.9448615264288914,0.96,
mistral-8x7b,sharegpt,jpn,crosslingual,0.11258351120795089,0.8576148367893752,0.7,0.59
mistral-8x7b,sharegpt,kor,crosslingual,0.10896055611292628,0.48400711960980286,0.72,0.7
mistral-8x7b,sharegpt,por,crosslingual,0.07123235119542908,0.9484701417896961,0.9,
mistral-8x7b,sharegpt,rus,crosslingual,0.09635717257810075,0.6920158431878889,0.85,0.85
mistral-8x7b,sharegpt,spa,crosslingual,0.08290244613232253,0.9430874475423642,0.9,
mistral-8x7b,sharegpt,tur,crosslingual,0.06763689001636233,0.5375844148411706,0.92,
mistral-8x7b,sharegpt,vie,crosslingual,0.12133251610403803,0.42328176014208474,0.83,
mistral-8x7b,sharegpt,zho,crosslingual,0.12289356621152976,0.792124581924034,0.69,0.62
mistral-large,aya-human-annotated,ara,monolingual,0.07531859731515697,0.3776625090151808,,
mistral-large,aya-human-annotated,eng,monolingual,0.020149925212295024,0.2776216552824469,,
mistral-large,aya-human-annotated,por,monolingual,0.05219234491047663,1.0373698988446578,,
mistral-large,aya-human-annotated,tur,monolingual,0.03775746444347043,0.6473020190879819,,
mistral-large,aya-human-annotated,zho,monolingual,0.019486295057386988,0.19190360201309695,,
mistral-large,complex-prompts,ara,crosslingual,0.11424030366797076,0.495795694734909,,
mistral-large,complex-prompts,deu,crosslingual,0.2062386762792908,0.7988997066254346,,
mistral-large,complex-prompts,fra,crosslingual,0.14980791197963034,1.4180258168953879,,
mistral-large,complex-prompts,hin,crosslingual,0.13970255615467073,0.6267586599383557,,
mistral-large,complex-prompts,ind,crosslingual,0.2525748811953779,1.1040669085362906,,
mistral-large,complex-prompts,ita,crosslingual,0.19836317347663224,1.0900784883026384,,
mistral-large,complex-prompts,jpn,crosslingual,0.17019664655601405,0.5934467140669493,,
mistral-large,complex-prompts,kor,crosslingual,0.1769990336894446,0.5041707152577135,,
mistral-large,complex-prompts,por,crosslingual,0.1955149760754269,0.9919550847058717,,
mistral-large,complex-prompts,rus,crosslingual,0.1817147994192967,0.8924892800284205,,
mistral-large,complex-prompts,spa,crosslingual,0.17829446768265794,1.1332033331236022,,
mistral-large,complex-prompts,tur,crosslingual,0.15056462464567974,0.6674587203892046,,
mistral-large,complex-prompts,vie,crosslingual,0.21185021659297854,0.5117456818926741,,
mistral-large,complex-prompts,zho,crosslingual,0.14279660150353254,0.5982526198351681,,
mistral-large,dolly-human-edited,ara,monolingual,0.033998645932645566,0.21388410710037126,,
mistral-large,dolly-human-edited,fra,monolingual,0.014875344480841666,0.88560683867656,,
mistral-large,dolly-human-edited,hin,monolingual,0.06627394520469576,0.4472022424597325,,
mistral-large,dolly-human-edited,rus,monolingual,0.015555149759806012,0.6190812511624005,,
mistral-large,dolly-human-edited,spa,monolingual,0.024458975397265856,0.9189461658563566,,
mistral-large,native-prompts,fra,monolingual,0.022508269169387356,0.8825767961535385,,
mistral-large,native-prompts,jpn,monolingual,0.07563806296607457,0.24839227325793697,,
mistral-large,native-prompts,kor,monolingual,0.032947837819686195,0.2568470271288893,,
mistral-large,native-prompts,spa,monolingual,0.057109002131898734,0.8762137420251592,,
mistral-large,okapi,ara,crosslingual,0.4369220668777848,0.7277418250108398,0.46,1.0
mistral-large,okapi,ara,monolingual,0.2601162109993171,0.34945243779582447,0.14,1.0
mistral-large,okapi,deu,crosslingual,0.08339007885275476,0.5013480323631094,0.9,
mistral-large,okapi,deu,monolingual,0.013905581030927436,0.42703751268622914,0.98,
mistral-large,okapi,eng,monolingual,0.1837154335051815,0.2833232413058406,0.99,
mistral-large,okapi,fra,crosslingual,0.04779181808067221,1.096389555218005,0.87,
mistral-large,okapi,fra,monolingual,0.006046182650326703,0.8806150270110787,1.0,
mistral-large,okapi,hin,crosslingual,0.45426870444365497,0.975265529230124,0.7,1.0
mistral-large,okapi,ind,crosslingual,0.47030599260708145,1.7572946614347587,0.57,
mistral-large,okapi,ind,monolingual,0.2936263317719106,0.8015774391283058,0.31,
mistral-large,okapi,ita,crosslingual,0.14514988688621233,1.145709668356621,0.79,
mistral-large,okapi,ita,monolingual,0.020222601249403373,0.9083483254815193,0.99,
mistral-large,okapi,jpn,crosslingual,0.4926504055238481,1.4987805246812667,0.52,0.98
mistral-large,okapi,kor,crosslingual,0.3550904251504974,0.7757130549469697,0.52,0.94
mistral-large,okapi,por,crosslingual,0.30137391907992295,1.1555383760049176,0.72,
mistral-large,okapi,por,monolingual,0.0764947347767578,0.9279724257025133,0.77,
mistral-large,okapi,rus,crosslingual,0.12834127613262064,0.6833184846072878,0.75,1.0
mistral-large,okapi,spa,crosslingual,0.218944903941833,1.0193507896187697,0.83,
mistral-large,okapi,spa,monolingual,0.023878511795043966,0.9344790633084031,0.98,
mistral-large,okapi,tur,crosslingual,0.10674309202945702,0.6564043798986622,0.75,
mistral-large,okapi,vie,crosslingual,0.1772341660684365,0.7538458560991265,0.62,
mistral-large,okapi,vie,monolingual,0.2245154135511532,0.3198694584622248,0.29,
mistral-large,okapi,zho,crosslingual,0.4298545319658609,1.4211786016954984,0.52,1.0
mistral-large,okapi,zho,monolingual,0.18278376494212228,0.24630429973952608,0.39,1.0
mistral-large,sharegpt,ara,crosslingual,0.2936036190505072,0.9998501380428207,0.26,1.0
mistral-large,sharegpt,deu,crosslingual,0.1427274237489159,0.5953051975078961,0.74,
mistral-large,sharegpt,fra,crosslingual,0.20482446085918218,1.190957449693466,0.69,
mistral-large,sharegpt,hin,crosslingual,0.12810967539226875,0.8776365350311859,0.66,0.94
mistral-large,sharegpt,ind,crosslingual,0.2557837433671331,1.5040078520152957,0.68,
mistral-large,sharegpt,ita,crosslingual,0.19900454834744263,1.186891739630895,0.64,
mistral-large,sharegpt,jpn,crosslingual,0.36204579545936416,1.695429921734435,0.34,0.91
mistral-large,sharegpt,kor,crosslingual,0.38340644761705106,0.8361700062480782,0.31,0.97
mistral-large,sharegpt,por,crosslingual,0.2558010031547396,1.2256950563002895,0.6,
mistral-large,sharegpt,rus,crosslingual,0.13873914758608394,0.7792444548723058,0.65,0.91
mistral-large,sharegpt,spa,crosslingual,0.23949976092434408,1.2325776812399212,0.63,
mistral-large,sharegpt,tur,crosslingual,0.16559790366732968,0.7488244796034503,0.67,
mistral-large,sharegpt,vie,crosslingual,0.1559586370303101,0.6556508141112855,0.57,
mistral-large,sharegpt,zho,crosslingual,0.31067435183601505,1.3969462942443724,0.43,1.0
